Timestamp,User Count,Type,Name,Requests/s,Failures/s,50%,66%,75%,80%,90%,95%,98%,99%,99.9%,99.99%,100%,Total Request Count,Total Failure Count,Total Median Response Time,Total Average Response Time,Total Min Response Time,Total Max Response Time,Total Average Content Size
1790095591,0,,Aggregated,0.000000,0.000000,N/A,N/A,N/A,N/A,N/A,N/A,N/A,N/A,N/A,N/A,N/A,0,0,0,0.0,0,0,0
1790095592,2,POST,/predict,0.000000,0.000000,0,0,0,0,0,0,0,0,0,0,0,2,0,730,709.7479840012966,689.4761910007219,730.0197770018713,158.0
1790095592,2,,Aggregated,0.000000,0.000000,0,0,0,0,0,0,0,0,0,0,0,2,0,730,709.7479840012966,689.4761910007219,730.0197770018713,158.0
1790095593,4,POST,/predict,0.000000,0.000000,0,0,0,0,0,0,0,0,0,0,0,6,0,110,284.0140721685505,42.935192002914846,730.0197770018713,158.66666666666666
1790095593,4,,Aggregated,0.000000,0.000000,110,110,690,690,730,730,730,730,730,730,730,6,0,110,284.0140721685505,42.935192002914846,730.0197770018713,158.66666666666666
1790095594,6,POST,/predict,0.000000,0.000000,54,99,110,110,140,140,140,140,140,140,140,12,0,99,180.45957083389416,31.2811559997499,730.0197770018713,158.75
1790095594,6,,Aggregated,0.000000,0.000000,99,110,140,140,690,730,730,730,730,730,730,12,0,99,180.45957083389416,31.2811559997499,730.0197770018713,158.75
1790095595,8,POST,/predict,2.000000,0.000000,51,54,99,110,140,140,140,140,140,140,140,19,0,54,138.90817084259317,31.2811559997499,730.0197770018713,158.68421052631578
1790095595,8,,Aggregated,2.000000,0.000000,54,99,110,140,690,730,730,730,730,730,730,19,0,54,138.90817084259317,31.2811559997499,730.0197770018713,158.68421052631578
1790095596,8,POST,/predict,3.666667,0.000000,54,100,110,120,140,140,160,160,160,160,160,26,0,95,128.65047073053296,31.2811559997499,730.0197770018713,158.73076923076923
1790095596,8,,Aggregated,3.666667,0.000000,95,110,120,130,160,690,730,730,730,730,730,26,0,95,128.65047073053296,31.2811559997499,730.0197770018713,158.73076923076923
1790095597,8,POST,/predict,4.500000,0.000000,54,100,110,120,140,140,160,160,160,160,160,29,0,86,123.94631848242014,31.2811559997499,730.0197770018713,158.58620689655172
1790095597,8,,Aggregated,4.500000,0.000000,86,110,120,130,160,690,730,730,730,730,730,29,0,86,123.94631848242014,31.2811559997499,730.0197770018713,158.58620689655172
1790095598,8,POST,/predict,4.200000,0.000000,54,100,120,120,130,140,160,160,160,160,160,35,0,86,115.82878679951786,31.2811559997499,730.0197770018713,158.54285714285714
1790095598,8,,Aggregated,4.200000,0.000000,86,110,120,120,140,690,730,730,730,730,730,35,0,86,115.82878679951786,31.2811559997499,730.0197770018713,158.54285714285714
1790095599,8,POST,/predict,4.666667,0.000000,57,100,120,120,130,140,160,160,160,160,160,40,0,86,110.6136401744152,31.2811559997499,730.0197770018713,158.65
1790095599,8,,Aggregated,4.666667,0.000000,86,110,120,120,140,690,730,730,730,730,730,40,0,86,110.6136401744152,31.2811559997499,730.0197770018713,158.65
1790095600,8,POST,/predict,4.714286,0.000000,86,110,120,120,130,140,160,160,160,160,160,45,0,95,109.54726346600283,31.2811559997499,730.0197770018713,158.7111111111111
1790095600,8,,Aggregated,4.714286,0.000000,95,110,120,120,140,160,730,730,730,730,730,45,0,95,109.54726346600283,31.2811559997499,730.0197770018713,158.7111111111111
1790095601,8,POST,/predict,4.750000,0.000000,78,110,120,120,130,140,160,160,160,160,160,52,0,86,103.25473513386477,26.978464993590023,730.0197770018713,158.6153846153846
1790095601,8,,Aggregated,4.750000,0.000000,86,110,120,120,130,160,690,730,730,730,730,52,0,86,103.25473513386477,26.978464993590023,730.0197770018713,158.6153846153846
1790095602,8,POST,/predict,4.888889,0.000000,59,100,110,120,130,140,140,160,160,160,160,57,0,78,100.55096599931028,26.978464993590023,730.0197770018713,158.6315789473684
1790095602,8,,Aggregated,4.888889,0.000000,59,100,110,120,130,140,140,160,160,160,160,57,0,78,100.55096599931028,26.978464993590023,730.0197770018713,158.6315789473684
1790095603,8,POST,/predict,5.000000,0.000000,59,110,120,120,130,140,140,160,160,160,160,64,0,78,98.46435660870156,26.978464993590023,730.0197770018713,158.640625
1790095603,8,,Aggregated,5.000000,0.000000,59,110,120,120,130,140,140,160,160,160,160,64,0,78,98.46435660870156,26.978464993590023,730.0197770018713,158.640625
1790095604,8,POST,/predict,5.600000,0.000000,86,110,120,120,130,140,150,160,160,160,160,73,0,78,96.63795428717356,26.978464993590023,730.0197770018713,158.56164383561645
1790095604,8,,Aggregated,5.600000,0.000000,86,110,120,120,130,140,150,160,160,160,160,73,0,78,96.63795428717356,26.978464993590023,730.0197770018713,158.56164383561645
1790095605,8,POST,/predict,5.800000,0.000000,78,110,120,120,130,150,160,170,170,170,170,79,0,66,95.45256626540633,26.978464993590023,730.0197770018713,158.56962025316454
1790095605,8,,Aggregated,5.800000,0.000000,78,110,120,120,130,150,160,170,170,170,170,79,0,66,95.45256626540633,26.978464993590023,730.0197770018713,158.56962025316454
1790095606,8,POST,/predict,5.800000,0.000000,65,110,120,120,130,140,150,170,170,170,170,85,0,66,93.87229222321527,26.978464993590023,730.0197770018713,158.63529411764705
1790095606,8,,Aggregated,5.800000,0.000000,65,110,120,120,130,140,150,170,170,170,170,85,0,66,93.87229222321527,26.978464993590023,730.0197770018713,158.63529411764705
1790095607,8,POST,/predict,5.900000,0.000000,59,98,120,120,130,140,150,170,170,170,170,92,0,77,92.20944520632696,26.978464993590023,730.0197770018713,158.65217391304347
1790095607,8,,Aggregated,5.900000,0.000000,59,98,120,120,130,140,150,170,170,170,170,92,0,77,92.20944520632696,26.978464993590023,730.0197770018713,158.65217391304347
1790095608,8,POST,/predict,6.000000,0.000000,65,100,120,120,130,140,150,170,170,170,170,99,0,77,92.10441767657294,26.978464993590023,730.0197770018713,158.64646464646464
1790095608,8,,Aggregated,6.000000,0.000000,65,100,120,120,130,140,150,170,170,170,170,99,0,77,92.10441767657294,26.978464993590023,730.0197770018713,158.64646464646464
1790095609,8,POST,/predict,6.000000,0.000000,58,93,120,120,140,150,150,170,170,170,170,103,0,66,91.24611190259422,26.978464993590023,730.0197770018713,158.66990291262135
1790095609,8,,Aggregated,6.000000,0.000000,58,93,120,120,140,150,150,170,170,170,170,103,0,66,91.24611190259422,26.978464993590023,730.0197770018713,158.66990291262135
1790095610,8,POST,/predict,6.100000,0.000000,66,100,120,130,140,140,150,170,170,170,170,111,0,77,91.29232489152577,26.978464993590023,730.0197770018713,158.6216216216216
1790095610,8,,Aggregated,6.100000,0.000000,66,100,120,130,140,140,150,170,170,170,170,111,0,77,91.29232489152577,26.978464993590023,730.0197770018713,158.6216216216216
1790095611,8,POST,/predict,6.400000,0.000000,65,100,120,130,140,150,150,170,170,170,170,116,0,66,90.18940480143948,26.978464993590023,730.0197770018713,158.61206896551724
1790095611,8,,Aggregated,6.400000,0.000000,65,100,120,130,140,150,150,170,170,170,170,116,0,66,90.18940480143948,26.978464993590023,730.0197770018713,158.61206896551724
1790095612,8,POST,/predict,6.400000,0.000000,66,100,120,130,140,150,150,170,170,170,170,123,0,66,89.17306712154219,26.978464993590023,730.0197770018713,158.64227642276424
1790095612,8,,Aggregated,6.400000,0.000000,66,100,120,130,140,150,150,170,170,170,170,123,0,66,89.17306712154219,26.978464993590023,730.0197770018713,158.64227642276424
1790095613,8,POST,/predict,6.300000,0.000000,58,93,120,130,140,150,150,170,170,170,170,129,0,65,88.56529055775573,26.978464993590023,730.0197770018713,158.6046511627907
1790095613,8,,Aggregated,6.300000,0.000000,58,93,120,130,140,150,150,170,170,170,170,129,0,65,88.56529055775573,26.978464993590023,730.0197770018713,158.6046511627907
1790095614,8,POST,/predict,6.200000,0.000000,55,84,120,130,140,140,150,150,150,150,150,137,0,61,87.67016021865989,26.978464993590023,730.0197770018713,158.5985401459854
1790095614,8,,Aggregated,6.200000,0.000000,55,84,120,130,140,140,150,150,150,150,150,137,0,61,87.67016021865989,26.978464993590023,730.0197770018713,158.5985401459854
1790095615,8,POST,/predict,6.500000,0.000000,63,100,130,130,140,150,190,190,190,190,190,142,0,66,90.34541528128845,26.978464993590023,730.0197770018713,158.59859154929578
1790095615,8,,Aggregated,6.500000,0.000000,63,100,130,130,140,150,190,190,190,190,190,142,0,66,90.34541528128845,26.978464993590023,730.0197770018713,158.59859154929578
1790095616,8,POST,/predict,6.500000,0.000000,78,120,130,140,150,170,190,190,190,190,190,149,0,77,91.5076873419418,26.978464993590023,730.0197770018713,158.58389261744966
1790095616,8,,Aggregated,6.500000,0.000000,78,120,130,140,150,170,190,190,190,190,190,149,0,77,91.5076873419418,26.978464993590023,730.0197770018713,158.58389261744966
1790095617,8,POST,/predict,6.300000,0.000000,61,110,130,130,150,170,190,190,190,190,190,153,0,66,90.84540960749686,26.978464993590023,730.0197770018713,158.58169934640523
1790095617,8,,Aggregated,6.300000,0.000000,61,110,130,130,150,170,190,190,190,190,190,153,0,66,90.84540960749686,26.978464993590023,730.0197770018713,158.58169934640523
1790095618,8,POST,/predict,6.300000,0.000000,78,130,130,140,150,170,190,190,190,190,190,160,0,77,90.49004296216481,26.978464993590023,730.0197770018713,158.63125
1790095618,8,,Aggregated,6.300000,0.000000,78,130,130,140,150,170,190,190,190,190,190,160,0,77,90.49004296216481,26.978464993590023,730.0197770018713,158.63125
1790095619,8,POST,/predict,6.300000,0.000000,83,130,140,140,160,180,190,190,190,190,190,166,0,78,92.0164090056931,26.978464993590023,730.0197770018713,158.6024096385542
1790095619,8,,Aggregated,6.300000,0.000000,83,130,140,140,160,180,190,190,190,190,190,166,0,78,92.0164090056931,26.978464993590023,730.0197770018713,158.6024096385542
1790095620,8,POST,/predict,6.300000,0.000000,79,130,130,140,160,180,190,190,190,190,190,170,0,78,91.2735505408337,26.978464993590023,730.0197770018713,158.58235294117648
1790095620,8,,Aggregated,6.300000,0.000000,79,130,130,140,160,180,190,190,190,190,190,170,0,78,91.2735505408337,26.978464993590023,730.0197770018713,158.58235294117648
1790095621,8,POST,/predict,6.100000,0.000000,79,130,130,140,160,180,190,190,190,190,190,178,0,67,89.95342100539612,26.978464993590023,730.0197770018713,158.56179775280899
1790095621,8,,Aggregated,6.100000,0.000000,79,130,130,140,160,180,190,190,190,190,190,178,0,67,89.95342100539612,26.978464993590023,730.0197770018713,158.56179775280899
1790095622,8,POST,/predict,6.000000,0.000000,84,130,140,140,160,180,190,190,190,190,190,184,0,77,90.50830913569688,26.978464993590023,730.0197770018713,158.53804347826087
1790095622,8,,Aggregated,6.000000,0.000000,84,130,140,140,160,180,190,190,190,190,190,184,0,77,90.50830913569688,26.978464993590023,730.0197770018713,158.53804347826087
1790095623,8,POST,/predict,6.300000,0.000000,86,130,140,140,160,180,190,190,190,190,190,189,0,77,90.3291650421418,26.978464993590023,730.0197770018713,158.53968253968253
1790095623,8,,Aggregated,6.300000,0.000000,86,130,140,140,160,180,190,190,190,190,190,189,0,77,90.3291650421418,26.978464993590023,730.0197770018713,158.53968253968253
1790095624,8,POST,/predict,6.300000,0.000000,100,130,140,140,160,180,190,190,190,190,190,197,0,78,90.86635994909155,26.978464993590023,730.0197770018713,158.55329949238578
1790095624,8,,Aggregated,6.300000,0.000000,100,130,140,140,160,180,190,190,190,190,190,197,0,78,90.86635994909155,26.978464993590023,730.0197770018713,158.55329949238578
1790095625,8,POST,/predict,6.300000,0.000000,86,120,130,140,150,160,170,180,180,180,180,201,0,78,90.54985202972567,26.978464993590023,730.0197770018713,158.53731343283582
1790095625,8,,Aggregated,6.300000,0.000000,86,120,130,140,150,160,170,180,180,180,180,201,0,78,90.54985202972567,26.978464993590023,730.0197770018713,158.53731343283582
1790095626,8,POST,/predict,5.900000,0.000000,85,110,130,130,150,160,160,180,180,180,180,209,0,78,90.36679181805589,26.978464993590023,730.0197770018713,158.52631578947367
1790095626,8,,Aggregated,5.900000,0.000000,85,110,130,130,150,160,160,180,180,180,180,209,0,78,90.36679181805589,26.978464993590023,730.0197770018713,158.52631578947367
1790095627,8,POST,/predict,6.100000,0.000000,86,110,130,130,140,160,160,180,180,180,180,211,0,78,90.10922141224604,26.978464993590023,730.0197770018713,158.5260663507109
1790095627,8,,Aggregated,6.100000,0.000000,86,110,130,130,140,160,160,180,180,180,180,211,0,78,90.10922141224604,26.978464993590023,730.0197770018713,158.5260663507109
1790095628,8,POST,/predict,6.200000,0.000000,82,110,120,130,150,160,160,180,180,180,180,220,0,78,89.55465753183076,26.978464993590023,730.0197770018713,158.52272727272728
1790095628,8,,Aggregated,6.200000,0.000000,82,110,120,130,150,160,160,180,180,180,180,220,0,78,89.55465753183076,26.978464993590023,730.0197770018713,158.52272727272728
1790095629,8,POST,/predict,5.900000,0.000000,76,110,120,130,140,150,150,160,160,160,160,228,0,78,89.1984586666551,26.978464993590023,730.0197770018713,158.51315789473685
1790095629,8,,Aggregated,5.900000,0.000000,76,110,120,130,140,150,150,160,160,160,160,228,0,78,89.1984586666551,26.978464993590023,730.0197770018713,158.51315789473685
1790095630,8,POST,/predict,6.000000,0.000000,82,110,120,130,140,150,150,160,160,160,160,230,0,77,88.79044454781409,26.978464993590023,730.0197770018713,158.50434782608696
1790095630,8,,Aggregated,6.000000,0.000000,82,110,120,130,140,150,150,160,160,160,160,230,0,77,88.79044454781409,26.978464993590023,730.0197770018713,158.50434782608696
1790095631,8,POST,/predict,6.000000,0.000000,78,100,120,120,140,150,150,160,160,160,160,237,0,76,88.01364461181686,26.978464993590023,730.0197770018713,158.51476793248946
1790095631,8,,Aggregated,6.000000,0.000000,78,100,120,120,140,150,150,160,160,160,160,237,0,76,88.01364461181686,26.978464993590023,730.0197770018713,158.51476793248946
1790095632,8,POST,/predict,6.100000,0.000000,76,98,120,120,130,140,150,150,150,150,150,241,0,76,88.29162314938623,26.978464993590023,730.0197770018713,158.51452282157678
1790095632,8,,Aggregated,6.100000,0.000000,76,98,120,120,130,140,150,150,150,150,150,241,0,76,88.29162314938623,26.978464993590023,730.0197770018713,158.51452282157678
1790095633,8,POST,/predict,5.800000,0.000000,72,98,110,120,130,140,140,150,150,150,150,248,0,77,88.4890858427635,26.978464993590023,730.0197770018713,158.51612903225808
1790095633,8,,Aggregated,5.800000,0.000000,72,98,110,120,130,140,140,150,150,150,150,248,0,77,88.4890858427635,26.978464993590023,730.0197770018713,158.51612903225808
1790095634,8,POST,/predict,5.800000,0.000000,71,94,110,120,130,140,140,150,150,150,150,255,0,76,87.58706381965621,26.635292000719346,730.0197770018713,158.53725490196078
1790095634,8,,Aggregated,5.800000,0.000000,71,94,110,120,130,140,140,150,150,150,150,255,0,76,87.58706381965621,26.635292000719346,730.0197770018713,158.53725490196078
1790095635,8,POST,/predict,5.800000,0.000000,71,98,110,120,130,140,140,150,150,150,150,262,0,76,87.88332246945001,26.635292000719346,730.0197770018713,158.54580152671755
1790095635,8,,Aggregated,5.800000,0.000000,71,98,110,120,130,140,140,150,150,150,150,262,0,76,87.88332246945001,26.635292000719346,730.0197770018713,158.54580152671755
1790095636,8,POST,/predict,5.700000,0.000000,73,100,120,130,140,140,150,150,150,150,150,268,0,77,88.19411671644427,26.635292000719346,730.0197770018713,158.5597014925373
1790095636,8,,Aggregated,5.700000,0.000000,73,100,120,130,140,140,150,150,150,150,150,268,0,77,88.19411671644427,26.635292000719346,730.0197770018713,158.5597014925373
1790095637,8,POST,/predict,5.700000,0.000000,69,98,120,120,130,140,140,150,150,150,150,274,0,76,87.29396087958105,26.635292000719346,730.0197770018713,158.55109489051094
1790095637,8,,Aggregated,5.700000,0.000000,69,98,120,120,130,140,140,150,150,150,150,274,0,76,87.29396087958105,26.635292000719346,730.0197770018713,158.55109489051094
1790095638,8,POST,/predict,5.800000,0.000000,70,110,120,130,140,140,140,150,150,150,150,278,0,76,87.72598578421467,26.635292000719346,730.0197770018713,158.55755395683454
1790095638,8,,Aggregated,5.800000,0.000000,70,110,120,130,140,140,140,150,150,150,150,278,0,76,87.72598578421467,26.635292000719346,730.0197770018713,158.55755395683454
1790095639,8,POST,/predict,6.000000,0.000000,70,110,120,130,140,140,140,150,150,150,150,284,0,76,87.73135255635258,26.635292000719346,730.0197770018713,158.54929577464787
1790095639,8,,Aggregated,6.000000,0.000000,70,110,120,130,140,140,140,150,150,150,150,284,0,76,87.73135255635258,26.635292000719346,730.0197770018713,158.54929577464787
1790095640,8,POST,/predict,5.800000,0.000000,100,120,120,130,140,140,150,150,150,150,150,288,0,78,88.2536582257166,26.635292000719346,730.0197770018713,158.55208333333334
1790095640,8,,Aggregated,5.800000,0.000000,100,120,120,130,140,140,150,150,150,150,150,288,0,78,88.2536582257166,26.635292000719346,730.0197770018713,158.55208333333334
1790095641,8,POST,/predict,5.900000,0.000000,110,120,130,140,150,170,180,180,180,180,180,293,0,78,89.45444124232685,26.635292000719346,730.0197770018713,158.55972696245735
1790095641,8,,Aggregated,5.900000,0.000000,110,120,130,140,150,170,180,180,180,180,180,293,0,78,89.45444124232685,26.635292000719346,730.0197770018713,158.55972696245735
1790095642,8,POST,/predict,5.700000,0.000000,110,120,130,140,150,170,180,180,180,180,180,299,0,79,89.97655672241777,26.635292000719346,730.0197770018713,158.5752508361204
1790095642,8,,Aggregated,5.700000,0.000000,110,120,130,140,150,170,180,180,180,180,180,299,0,79,89.97655672241777,26.635292000719346,730.0197770018713,158.5752508361204
1790095643,8,POST,/predict,5.800000,0.000000,110,120,130,140,150,170,180,180,180,180,180,306,0,78,89.528199725488,26.635292000719346,730.0197770018713,158.5751633986928
1790095643,8,,Aggregated,5.800000,0.000000,110,120,130,140,150,170,180,180,180,180,180,306,0,78,89.528199725488,26.635292000719346,730.0197770018713,158.5751633986928
1790095644,8,POST,/predict,5.800000,0.000000,110,130,140,140,150,170,180,180,180,180,180,313,0,78,89.22527509903462,25.98958899761783,730.0197770018713,158.56549520766774
1790095644,8,,Aggregated,5.800000,0.000000,110,130,140,140,150,170,180,180,180,180,180,313,0,78,89.22527509903462,25.98958899761783,730.0197770018713,158.56549520766774
1790095645,8,POST,/predict,5.800000,0.000000,110,120,130,140,150,170,180,180,180,180,180,318,0,78,88.8826404874143,25.98958899761783,730.0197770018713,158.5754716981132
1790095645,8,,Aggregated,5.800000,0.000000,110,120,130,140,150,170,180,180,180,180,180,318,0,78,88.8826404874143,25.98958899761783,730.0197770018713,158.5754716981132
1790095646,8,POST,/predict,6.000000,0.000000,110,120,130,140,150,170,180,180,180,180,180,324,0,78,88.74171389502014,25.98958899761783,730.0197770018713,158.57407407407408
1790095646,8,,Aggregated,6.000000,0.000000,110,120,130,140,150,170,180,180,180,180,180,324,0,78,88.74171389502014,25.98958899761783,730.0197770018713,158.57407407407408
1790095647,8,POST,/predict,5.600000,0.000000,110,120,130,130,150,170,180,180,180,180,180,331,0,78,88.30450616312336,25.98958899761783,730.0197770018713,158.5679758308157
1790095647,8,,Aggregated,5.600000,0.000000,110,120,130,130,150,170,180,180,180,180,180,331,0,78,88.30450616312336,25.98958899761783,730.0197770018713,158.5679758308157
1790095648,8,POST,/predict,5.800000,0.000000,92,120,130,130,150,170,180,180,180,180,180,337,0,77,87.8977784629167,25.98958899761783,730.0197770018713,158.56379821958458
1790095648,8,,Aggregated,5.800000,0.000000,92,120,130,130,150,170,180,180,180,180,180,337,0,77,87.8977784629167,25.98958899761783,730.0197770018713,158.56379821958458
1790095649,8,POST,/predict,5.900000,0.000000,96,120,130,130,150,180,180,260,260,260,260,340,0,78,88.54863631471851,25.98958899761783,730.0197770018713,158.5705882352941
1790095649,8,,Aggregated,5.900000,0.000000,96,120,130,130,150,180,180,260,260,260,260,340,0,78,88.54863631471851,25.98958899761783,730.0197770018713,158.5705882352941
1790095650,8,POST,/predict,5.800000,0.000000,80,120,130,130,150,260,270,290,290,290,290,347,0,78,89.63015822189882,25.98958899761783,730.0197770018713,158.5792507204611
1790095650,8,,Aggregated,5.800000,0.000000,80,120,130,130,150,260,270,290,290,290,290,347,0,78,89.63015822189882,25.98958899761783,730.0197770018713,158.5792507204611
